Rk,Player,WAR/pos,G,Year,Age,Tm,Lg,PA,AB,R,H,2B,3B,HR,RBI,BB,IBB,SO,HBP,SH,SF,GDP,SB,CS,BA,OBP,SLG,OPS,Pos
1,Shohei Ohtani (RoY-1st)\ohtansh01,2.7,104,2018,23,LAA,AL,367,326,59,93,21,2,22,61,37,2,102,2,0,1,2,10,4,0.285,0.361,0.564,0.925,*DH1
2,Micah Owings\owingmi01,1.3,34,2007,24,ARI,NL,64,60,9,20,7,1,4,15,2,0,16,0,1,1,0,0,0,0.333,0.349,0.683,1.033,*1/H
3,Mike Ford\fordmi01,1.1,50,2019,26,NYY,AL,163,143,30,37,7,0,12,25,17,2,28,3,0,0,0,0,0,0.259,0.35,0.559,0.909,*3DH/1
4,Mike Leake\leakemi01,1.1,27,2010,22,CIN,NL,60,48,5,16,1,0,0,3,5,0,15,1,6,0,0,0,0,0.333,0.407,0.354,0.762,*1/H
5,Mitch Garver\garvemi01,0.9,102,2018,27,MIN,AL,335,302,38,81,19,2,7,45,29,2,72,2,1,1,8,0,0,0.268,0.335,0.414,0.749,*2H/D31
6,Paul Janish\janispa01,0.9,90,2009,26,CIN,NL,292,256,36,54,21,0,1,16,26,1,40,5,5,0,8,2,0,0.211,0.296,0.305,0.601,*6/H15
7,Larry Harlow\harlola01,0.9,146,1978,26,BAL,AL,521,460,67,112,25,1,8,26,55,3,72,1,3,2,9,14,11,0.243,0.324,0.354,0.679,*8H/917
8,Ken Brett\brettke01,0.9,41,1970,21,BOS,AL,45,41,8,13,3,0,2,3,2,0,7,1,1,0,1,0,0,0.317,0.364,0.537,0.9,*1
9,Jim Rooker\rookeji01,0.9,34,1969,26,KCR,AL,59,57,7,16,3,0,4,8,1,0,19,1,0,0,2,0,0,0.281,0.305,0.544,0.849,*1/H
10,Willians Astudillo\astudwi01,0.8,29,2018,26,MIN,AL,97,93,9,33,4,1,3,21,2,0,3,1,0,1,4,0,0,0.355,0.371,0.516,0.887,*2/5D478H1
11,Johnny Field\fieldjo04,0.7,83,2018,26,TOT,AL,233,221,28,49,13,0,9,21,7,0,72,3,1,1,3,4,0,0.222,0.254,0.403,0.657,798H/D1
12,Jason Jennings (RoY-1st)\jennija01,0.7,30,2002,23,COL,NL,68,62,6,19,4,0,0,11,3,0,13,1,2,0,0,0,0,0.306,0.348,0.371,0.719,*1
13,Rick Ankiel (RoY-2nd)\ankieri01,0.7,33,2000,20,STL,NL,73,68,8,17,1,1,2,9,4,0,20,0,1,0,1,0,0,0.25,0.292,0.382,0.674,*1/H
14,Adam Eaton\eatonad01,0.7,21,2000,22,SDP,NL,45,38,6,11,2,0,0,4,6,0,10,1,0,0,1,2,0,0.289,0.4,0.342,0.742,*1/H
15,Chris Hammond\hammoch01,0.7,20,1991,25,CIN,NL,37,34,4,12,3,0,0,1,2,0,10,0,1,0,0,0,0,0.353,0.389,0.441,0.83,*1
16,Terry Forster\forstte01,0.7,63,1972,20,CHW,AL,22,19,1,10,0,0,0,3,1,0,2,0,2,0,0,1,0,0.526,0.55,0.526,1.076,*1/H
17,Mike Brosseau\brossmi01,0.6,50,2019,25,TBR,AL,142,132,17,36,7,0,6,16,7,0,39,2,1,0,3,1,0,0.273,0.319,0.462,0.781,*45H/9713D
18,Ryan LaMarre\lamarry01,0.6,76,2018,29,TOT,AL,180,165,15,46,11,0,2,18,10,0,53,2,0,3,3,2,2,0.279,0.322,0.382,0.704,87H/91D
19,Roman Quinn\quinnro01,0.6,50,2018,25,PHI,NL,143,131,13,34,6,4,2,12,10,0,35,1,1,0,1,10,4,0.26,0.317,0.412,0.729,*8H/9761
20,Bryan Petersen\peterbr01,0.6,74,2011,25,FLA,NL,241,204,18,54,13,3,2,10,26,2,49,5,3,3,4,7,1,0.265,0.357,0.387,0.744,*87H9/1
21,Mike Harkey (RoY-5th)\harkemi01,0.6,27,1990,23,CHC,NL,66,56,4,14,4,0,0,4,1,0,16,1,8,0,0,0,0,0.25,0.276,0.321,0.597,*1
22,Paul O'Neill\o'neipa01,0.6,84,1987,24,CIN,NL,178,160,24,41,14,1,7,28,18,1,29,0,0,0,3,2,1,0.256,0.331,0.488,0.819,*H978/31
23,Fernando Valenzuela (RoY-1st)\valenfe01,0.6,25,1981,20,LAD,NL,71,64,3,16,0,1,0,7,1,0,9,0,6,0,0,0,0,0.25,0.262,0.281,0.543,*1
24,Rick Sutcliffe (RoY-1st)\sutclri01,0.6,40,1979,23,LAD,NL,93,85,6,21,3,0,1,17,1,0,20,0,6,1,4,0,0,0.247,0.253,0.318,0.571,*1/H
25,Ty Blach\blachty01,0.5,36,2017,26,SFG,NL,53,44,5,10,2,0,1,7,4,0,21,0,4,1,1,0,0,0.227,0.286,0.341,0.627,*1/H
26,Julio Teheran (RoY-5th)\teherju01,0.5,30,2013,22,ATL,NL,65,58,1,13,3,0,0,2,2,0,16,0,5,0,1,0,0,0.224,0.25,0.276,0.526,*1
27,Yovani Gallardo\gallayo01,0.5,20,2007,21,MIL,NL,42,40,5,10,3,0,2,6,1,0,10,0,1,0,1,0,0,0.25,0.268,0.475,0.743,*1
28,Dontrelle Willis (RoY-1st)\willido03,0.5,27,2003,21,FLA,NL,63,58,2,14,2,0,1,4,3,0,8,0,2,0,0,0,0,0.241,0.279,0.328,0.606,*1
29,A.J. Burnett\burnea.01,0.5,13,2000,23,FLA,NL,30,25,3,7,1,1,1,3,3,0,10,0,2,0,0,0,0,0.28,0.357,0.52,0.877,*1
30,Frank Menechino\menecfr01,0.5,66,2000,29,OAK,AL,169,145,31,37,9,1,6,26,20,0,45,1,1,2,1,1,4,0.255,0.345,0.455,0.8,*4H/6D51
31,Russ Ortiz\ortizru01,0.5,22,1998,24,SFG,NL,32,25,3,7,0,0,1,2,2,0,9,0,5,0,0,0,0,0.28,0.333,0.4,0.733,*1
32,Brad Woodall\woodabr01,0.5,35,1998,29,MIL,NL,47,38,7,9,1,0,1,2,4,0,10,0,5,0,0,0,0,0.237,0.31,0.342,0.652,*1/HD
33,Omar Olivares\olivaom01,0.5,28,1991,23,STL,NL,59,53,4,12,3,0,0,6,2,0,16,0,4,0,0,0,0,0.226,0.255,0.283,0.538,*1
34,Tom Browning (RoY-2nd)\brownto05,0.5,39,1985,25,CIN,NL,101,88,4,17,2,1,0,2,4,0,29,0,9,0,2,0,0,0.193,0.228,0.239,0.467,*1/H
35,Mark Bomback\bombama01,0.5,36,1980,27,NYM,NL,53,43,5,10,3,0,0,5,3,0,15,2,5,0,0,0,0,0.233,0.313,0.302,0.615,*1
36,Dan Schatzeder\schatda01,0.5,32,1978,23,MON,NL,49,45,3,10,2,0,1,7,2,0,7,0,2,0,2,1,0,0.222,0.255,0.333,0.589,*1/H
37,Dan Larson\larsoda01,0.5,14,1976,21,HOU,NL,34,31,5,9,1,1,0,6,1,0,3,0,2,0,0,0,0,0.29,0.313,0.387,0.7,*1/H
38,Don Durham\durhado01,0.5,14,1972,23,STL,NL,14,14,3,7,0,0,2,4,0,0,4,0,0,0,0,0,0,0.5,0.5,0.929,1.429,*1/H
39,Al Fitzmorris\fitzmal01,0.5,45,1970,24,KCR,AL,34,31,5,9,4,0,0,5,3,0,9,0,0,0,0,0,0,0.29,0.353,0.419,0.772,*1/H
40,Skip Lockwood\lockwsk01,0.5,27,1970,23,MIL,AL,67,53,2,12,1,0,1,2,1,0,11,0,12,1,0,0,0,0.226,0.236,0.302,0.538,*1
41,Ken Tatum (RoY-4th)\tatumke01,0.5,45,1969,25,CAL,AL,24,21,3,6,1,0,2,2,0,0,8,1,2,0,0,0,0,0.286,0.318,0.619,0.937,*1
42,Peter Lambert\lambepe01,0.4,21,2019,22,COL,NL,34,28,3,9,0,0,0,2,3,0,10,0,3,0,1,0,0,0.321,0.387,0.321,0.709,*1/H
43,Tyler Glasnow\glasnty01,0.4,18,2017,23,PIT,NL,23,17,1,5,0,0,0,3,4,0,7,1,1,0,0,0,0,0.294,0.455,0.294,0.749,*1/H
44,Ben Lively\livelbe01,0.4,14,2017,25,PHI,NL,26,26,2,6,0,0,2,8,0,0,9,0,0,0,0,0,0,0.231,0.231,0.462,0.692,*1
45,Taylor Jungmann\jungmta01,0.4,21,2015,25,MIL,NL,44,37,2,10,2,0,0,0,1,0,12,0,6,0,0,0,0,0.27,0.289,0.324,0.614,*1
46,Jacob deGrom (RoY-1st)\degroja01,0.4,22,2014,26,NYM,NL,53,46,3,10,2,0,0,2,1,0,13,0,6,0,2,0,0,0.217,0.234,0.261,0.495,*1/H
47,Jose Fernandez (RoY-1st)\fernajo02,0.4,25,2013,20,MIA,NL,58,50,5,11,1,1,1,5,0,0,20,0,7,1,2,0,0,0.22,0.216,0.34,0.556,*1
48,Raúl Valdés\valdera02,0.4,36,2010,32,NYM,NL,14,10,1,4,1,0,0,1,0,0,3,0,4,0,0,0,0,0.4,0.4,0.5,0.9,*1
49,Manny Parra\parrama01,0.4,31,2008,25,MIL,NL,58,53,2,12,5,1,0,6,2,0,18,0,3,0,2,0,0,0.226,0.255,0.358,0.613,*1
50,Jason Simontacchi (RoY-9th)\simonja01,0.4,24,2002,28,STL,NL,56,50,5,12,0,0,0,2,2,0,15,0,4,0,0,0,0,0.24,0.269,0.24,0.509,*1/H
51,Scott Sheldon\sheldsc01,0.4,58,2000,31,TEX,AL,138,124,21,35,11,0,4,19,10,0,37,1,1,2,2,0,0,0.282,0.336,0.468,0.804,6543/H27981D
52,Donne Wall\walldo01,0.4,26,1996,28,HOU,NL,54,44,5,9,1,0,0,1,2,0,11,0,8,0,0,0,0,0.205,0.239,0.227,0.466,*1
53,Rick Aguilera\aguilri01,0.4,22,1985,23,NYM,NL,44,36,1,10,2,0,0,2,1,0,5,0,7,0,1,0,0,0.278,0.297,0.333,0.631,*1/H
54,Rick Williams\williri03,0.4,31,1979,26,HOU,NL,36,31,2,8,1,0,0,0,3,0,18,0,2,0,0,0,0,0.258,0.324,0.29,0.614,*1
55,Jeff Newman\newmaje01,0.4,94,1977,28,OAK,AL,172,162,17,36,9,0,4,15,4,1,24,1,4,1,2,2,0,0.222,0.244,0.352,0.596,*2/H1
56,Doyle Alexander\alexado01,0.4,17,1971,20,LAD,NL,37,33,3,9,0,0,0,2,3,0,13,0,1,0,1,0,0,0.273,0.333,0.273,0.606,*1
57,Lance Clemons\clemola01,0.4,10,1971,23,KCR,AL,9,7,4,2,0,1,1,1,1,0,1,0,1,0,0,0,0,0.286,0.375,1,1.375,*1
58,Bill Parsons (RoY-2nd)\parsobi01,0.4,36,1971,22,MIL,AL,88,72,4,12,3,0,1,8,8,0,31,0,8,0,1,0,0,0.167,0.25,0.25,0.5,*1
59,Mike Corkins\corkimi01,0.4,25,1970,24,SDP,NL,44,37,6,8,1,0,1,4,2,0,23,0,5,0,1,0,0,0.216,0.256,0.324,0.581,*1/H
60,Bart Johnson\johnsba01,0.4,18,1970,20,CHW,AL,32,29,3,8,2,0,0,2,1,0,6,0,2,0,0,0,0,0.276,0.3,0.345,0.645,*1
61,Anthony Bemboom\bemboan01,0.3,21,2020,30,LAA,AL,60,48,9,10,1,0,3,5,7,0,13,2,2,1,0,0,1,0.208,0.328,0.417,0.744,*2/H1
62,Taylor Clarke\clarkta01,0.3,21,2019,26,ARI,NL,25,24,2,6,0,0,1,2,0,0,10,0,1,0,0,0,0,0.25,0.25,0.375,0.625,*1
63,J.D. Davis\davisjd01,0.3,24,2017,24,HOU,AL,68,62,8,14,4,0,4,7,4,0,20,1,0,1,3,1,1,0.226,0.279,0.484,0.763,*5/H31
64,Michael Lorenzen\lorenmi01,0.3,30,2015,23,CIN,NL,41,36,4,9,0,1,0,4,0,0,13,1,4,0,0,0,0,0.25,0.27,0.306,0.576,*1/H
65,Noah Syndergaard (RoY-4th)\syndeno01,0.3,22,2015,22,NYM,NL,50,43,2,9,1,0,1,4,1,0,26,0,6,0,0,0,0,0.209,0.227,0.302,0.53,*1
66,Hyun Jin Ryu (RoY-4th)\ryuhy01,0.3,27,2013,26,LAD,NL,66,58,5,12,3,1,0,5,2,0,23,0,6,0,1,0,0,0.207,0.233,0.293,0.526,*1
67,Tony Cingrani\cingrto01,0.3,22,2013,23,CIN,NL,35,28,4,7,1,0,0,1,0,0,9,0,7,0,0,1,0,0.25,0.25,0.286,0.536,*1/H
68,Matt Harvey\harvema01,0.3,10,2012,23,NYM,NL,21,18,0,6,2,0,0,3,0,0,7,0,3,0,0,0,0,0.333,0.333,0.444,0.778,*1
69,Drew Pomeranz\pomerdr01,0.3,22,2012,23,COL,NL,31,26,2,6,2,0,1,1,1,0,15,0,4,0,1,0,0,0.231,0.259,0.423,0.682,*1
70,Cory Luebke\luebkco01,0.3,44,2011,26,SDP,NL,36,33,3,7,0,0,0,0,2,0,16,0,1,0,0,0,0,0.212,0.257,0.212,0.469,*1/H
71,Brad Lincoln\lincobr01,0.3,10,2010,25,PIT,NL,18,15,0,6,0,0,0,3,0,0,3,0,3,0,0,0,0,0.4,0.4,0.4,0.8,*1
72,Joel Hanrahan\hanrajo01,0.3,12,2007,25,WSN,NL,17,14,3,4,2,1,0,3,0,0,5,0,3,0,0,0,0,0.286,0.286,0.571,0.857,*1
73,Enrique Gonzalez\gonzaen01,0.3,22,2006,23,ARI,NL,35,32,3,9,1,0,0,3,0,0,8,0,3,0,1,0,0,0.281,0.281,0.313,0.594,*1/H
74,Carlos Marmol\marmoca01,0.3,20,2006,23,CHC,NL,24,23,3,6,1,0,1,1,0,0,7,0,1,0,1,0,0,0.261,0.261,0.435,0.696,*1/H
75,Ricky Nolasco\nolasri01,0.3,34,2006,23,FLA,NL,49,41,2,7,0,0,1,5,2,0,19,0,6,0,0,0,0,0.171,0.209,0.244,0.453,*1
76,Scott Olsen (RoY-9th)\olsensc01,0.3,31,2006,22,FLA,NL,64,58,3,11,2,0,0,8,0,0,18,0,6,0,0,0,0,0.19,0.19,0.224,0.414,*1/H
77,Adam Wainwright\wainwad01,0.3,58,2006,24,STL,NL,6,6,2,3,1,0,1,1,0,0,0,0,0,0,0,0,0,0.5,0.5,1.167,1.667,*1
78,Jason Vargas (RoY-8th)\vargaja01,0.3,18,2005,22,FLA,NL,27,26,3,8,2,0,0,2,1,0,7,0,0,0,0,0,0,0.308,0.333,0.385,0.718,*1/H
79,Brad Hennessey\hennebr01,0.3,21,2005,25,SFG,NL,41,39,3,9,1,0,2,5,0,0,12,0,2,0,0,0,0,0.231,0.231,0.41,0.641,*1
80,Randy Wolf\wolfra02,0.3,21,1999,22,PHI,NL,39,30,2,7,1,0,0,0,2,0,8,0,7,0,0,0,0,0.233,0.281,0.267,0.548,*1
81,John Thomson\thomsjo01,0.3,25,1997,23,COL,NL,55,47,2,10,0,0,0,5,2,0,23,0,6,0,0,0,0,0.213,0.245,0.213,0.458,*1
82,Will Cunnane\cunnawi01,0.3,52,1997,23,SDP,NL,17,14,4,5,0,1,0,4,2,0,4,0,1,0,0,0,0,0.357,0.438,0.5,0.938,*1/H
83,Matt Morris (RoY-2nd)\morrima01,0.3,34,1997,22,STL,NL,80,73,4,15,2,0,0,6,5,0,36,0,2,0,0,0,1,0.205,0.256,0.233,0.489,*1/H
84,Allen Watson\watsoal01,0.3,16,1993,22,STL,NL,28,26,0,6,3,0,0,2,1,0,2,0,1,0,1,0,0,0.231,0.259,0.346,0.605,*1
85,Jim Bullinger\bulliji01,0.3,39,1992,26,CHC,NL,22,20,3,5,0,0,1,2,1,0,7,0,1,0,0,1,0,0.25,0.286,0.4,0.686,*1
86,Pat Combs\combspa01,0.3,32,1990,23,PHI,NL,67,60,6,9,2,0,0,2,3,0,24,0,4,0,0,0,0,0.15,0.19,0.183,0.374,*1
87,Jimmy Jones\jonesji02,0.3,32,1987,23,SDP,NL,59,49,7,8,0,0,1,3,2,0,18,0,8,0,0,0,0,0.163,0.196,0.224,0.421,*1/H
88,Dwight Gooden (RoY-1st)\goodedw01,0.3,31,1984,19,NYM,NL,83,70,5,14,0,0,0,3,1,0,14,0,10,2,3,0,0,0.2,0.205,0.2,0.405,*1
89,Orel Hershiser (RoY-3rd)\hershor01,0.3,45,1984,25,LAD,NL,62,50,4,10,0,0,0,2,3,0,14,1,8,0,0,0,0,0.2,0.259,0.2,0.459,*1
90,Tim Leary\learyti01,0.3,20,1984,25,NYM,NL,13,10,2,3,0,0,1,1,0,0,2,0,3,0,0,1,0,0.3,0.3,0.6,0.9,*1
91,Frank Williams\willifr01,0.3,61,1984,26,SFG,NL,21,18,1,4,0,0,0,1,3,0,7,0,0,0,0,0,0,0.222,0.333,0.222,0.556,*1
92,Doug Sisk\siskdo01,0.3,67,1983,25,NYM,NL,7,6,0,3,0,0,0,0,0,0,2,0,1,0,0,0,0,0.5,0.5,0.5,1,*1
93,Walt Terrell\terrewa01,0.3,21,1983,25,NYM,NL,48,44,3,8,1,0,3,8,1,0,17,0,3,0,1,0,0,0.182,0.2,0.409,0.609,*1
94,Bruce Berenyi (RoY-4th)\berenbr01,0.3,21,1981,26,CIN,NL,48,42,4,8,3,0,0,1,2,0,18,0,3,1,1,0,0,0.19,0.222,0.262,0.484,*1
95,Al Holland (RoY-7th)\hollaal01,0.3,54,1980,27,SFG,NL,9,5,2,1,0,1,0,2,2,0,2,0,2,0,0,0,0,0.2,0.429,0.6,1.029,*1
96,Don Robinson (RoY-3rd)\robindo01,0.3,35,1978,21,PIT,NL,89,85,2,20,2,0,0,3,0,0,22,0,4,0,0,0,0,0.235,0.235,0.259,0.494,*1
97,Bob Welch\welchbo01,0.3,23,1978,21,LAD,NL,35,29,3,5,1,0,0,1,0,0,7,0,6,0,0,0,0,0.172,0.172,0.207,0.379,*1
98,John Urrea\urreajo01,0.3,41,1977,22,STL,NL,41,29,2,4,0,0,0,1,9,0,6,0,3,0,0,0,0,0.138,0.342,0.138,0.48,*1
99,Joe McIntosh\mcintjo01,0.3,38,1975,23,SDP,NL,60,48,6,9,2,0,0,5,4,0,10,0,5,3,0,0,0,0.188,0.236,0.229,0.466,*1/H
100,Don Rose\rosedo01,0.3,16,1972,25,CAL,AL,12,10,1,2,0,0,1,1,1,0,3,0,1,0,0,0,0,0.2,0.273,0.5,0.773,*1
101,Don Carrithers\carrido01,0.3,22,1971,21,SFG,NL,21,17,3,3,2,0,0,2,0,0,3,0,4,0,0,1,0,0.176,0.176,0.294,0.471,*1
102,Mike McQueen\mcquemi01,0.3,22,1970,19,ATL,NL,21,20,2,6,2,0,0,2,1,0,3,0,0,0,0,0,0,0.3,0.333,0.4,0.733,*1
103,Sandy Vance\vancesa01,0.3,20,1970,23,LAD,NL,42,37,2,7,1,0,0,2,1,0,9,0,4,0,0,0,0,0.189,0.211,0.216,0.427,*1
104,Bruce Dal Canton\dalcabr01,0.3,57,1969,28,PIT,NL,12,10,2,3,0,1,0,2,2,0,3,0,0,0,0,0,0,0.3,0.417,0.5,0.917,*1
105,Santiago Espinal\espinsa01,0.2,26,2020,25,TOR,AL,66,60,10,16,4,0,0,6,4,0,16,0,1,1,1,1,0,0.267,0.308,0.333,0.641,*6/H15
106,Brandon Woodruff\woodrbr01,0.2,19,2018,25,MIL,NL,10,8,2,2,0,0,1,1,1,0,1,0,1,0,1,0,0,0.25,0.333,0.625,0.958,*1
107,Robert Gsellman\gsellro01,0.2,27,2017,23,NYM,NL,44,34,2,5,0,0,0,4,6,0,14,0,3,1,0,0,0,0.147,0.268,0.147,0.415,*1/H
108,Tyler Cravy\cravyty01,0.2,17,2016,26,MIL,NL,5,4,1,1,0,0,1,1,0,0,1,0,1,0,0,0,0,0.25,0.25,1,1.25,*1
109,Junior Guerra\guerrju02,0.2,19,2016,31,MIL,NL,43,35,2,8,2,0,0,0,0,0,13,0,8,0,0,0,0,0.229,0.229,0.286,0.514,*1
110,Taylor Motter\motteta01,0.2,33,2016,26,TBR,AL,93,80,11,15,3,0,2,9,11,0,19,1,0,1,1,0,1,0.188,0.29,0.3,0.59,/67H94531D
111,Dean Anna\annade01,0.2,12,2014,27,NYY,AL,25,22,3,3,1,0,1,3,2,0,6,0,0,1,0,0,0,0.136,0.2,0.318,0.518,/*641
112,Marco Gonzales\gonzama02,0.2,10,2014,22,STL,NL,12,10,1,3,2,0,0,0,0,0,2,0,2,0,0,0,0,0.3,0.3,0.5,0.8,*1
113,Gerrit Cole\colege01,0.2,17,2013,22,PIT,NL,36,34,3,7,0,0,0,5,1,0,14,0,1,0,0,0,0,0.206,0.229,0.206,0.434,*1
114,Randall Delgado\delgara01,0.2,16,2012,22,ATL,NL,28,25,3,6,0,0,0,1,0,0,9,0,3,0,1,0,0,0.24,0.24,0.24,0.48,*1
115,Wade Miley (RoY-2nd)\mileywa01,0.2,30,2012,25,ARI,NL,75,65,4,11,2,0,0,2,2,0,20,0,8,0,1,0,0,0.169,0.194,0.2,0.394,*1
116,Vance Worley (RoY-3rd)\worleva01,0.2,24,2011,23,PHI,NL,48,45,4,10,1,0,0,5,1,0,14,0,2,0,0,0,0,0.222,0.239,0.244,0.484,*1
117,Travis Wood\woodtr01,0.2,17,2010,23,CIN,NL,42,37,1,7,2,1,1,3,0,0,15,0,5,0,0,0,0,0.189,0.189,0.378,0.568,*1
118,Barry Enright\enrigba01,0.2,18,2010,24,ARI,NL,37,33,1,8,1,0,0,6,0,0,9,0,3,1,0,0,0,0.242,0.235,0.273,0.508,*1/H
119,Josh Geer\geerjo01,0.2,17,2009,26,SDP,NL,31,24,2,4,1,0,0,1,2,0,10,0,5,0,0,0,0,0.167,0.231,0.208,0.439,*1
120,Shairon Martis\martish01,0.2,13,2009,22,WSN,NL,27,24,4,5,1,0,0,2,0,0,6,0,3,0,0,0,0,0.208,0.208,0.25,0.458,*1
121,Craig Stammen\stammcr01,0.2,18,2009,25,WSN,NL,37,31,1,6,3,0,0,4,2,0,10,0,4,0,0,0,0,0.194,0.242,0.29,0.533,*1/H
122,Hiroki Kuroda\kurodhi01,0.2,30,2008,33,LAD,NL,65,54,2,8,1,0,0,2,5,0,16,0,6,0,1,0,0,0.148,0.22,0.167,0.387,*1
123,Kyle Kendrick (RoY-5th)\kendrky01,0.2,19,2007,22,PHI,NL,50,39,6,6,0,0,0,2,3,0,17,2,5,1,0,0,0,0.154,0.244,0.154,0.398,*1
124,Bobby Livingston\livinbo01,0.2,11,2007,24,CIN,NL,31,25,3,7,0,0,0,2,2,0,7,0,4,0,1,0,0,0.28,0.333,0.28,0.613,*1/H
125,Eric Stults\stulter01,0.2,13,2007,27,LAD,NL,12,12,1,4,2,0,0,0,0,0,5,0,0,0,0,0,0,0.333,0.333,0.5,0.833,*1/H
126,Chris Capuano\capuach01,0.2,17,2004,25,MIL,NL,32,30,0,6,2,0,0,2,1,0,10,1,0,0,0,0,0,0.2,0.25,0.267,0.517,*1
127,Dennis Tankersley\tankede01,0.2,16,2002,23,SDP,NL,13,13,2,4,1,0,1,1,0,0,2,0,0,0,1,0,0,0.308,0.308,0.615,0.923,*1
128,Michael Tejera\tejermi01,0.2,47,2002,25,FLA,NL,41,37,5,7,0,0,1,5,1,0,6,1,2,0,0,0,0,0.189,0.231,0.27,0.501,*1/H
129,T.J. Tucker\tucket.01,0.2,53,2002,23,MON,NL,4,4,1,3,0,0,0,0,0,0,0,0,0,0,0,0,0,0.75,0.75,0.75,1.5,*1/H
130,Luke Prokopec\prokolu01,0.2,28,2001,23,LAD,NL,43,36,1,7,1,0,0,0,0,0,13,0,7,0,0,0,0,0.194,0.194,0.222,0.417,*1/H
131,Britt Reames\reamebr01,0.2,41,2001,27,MON,NL,24,17,2,2,0,0,1,2,4,0,8,0,3,0,1,0,0,0.118,0.286,0.294,0.58,*1
132,Gene Stechschulte\stechge01,0.2,65,2001,27,STL,NL,4,3,1,2,0,0,1,3,1,0,1,0,0,0,0,0,0,0.667,0.75,1.667,2.417,*1/H
133,Joe Beimel\beimejo01,0.2,41,2001,24,PIT,NL,31,26,3,7,0,0,0,0,1,0,10,0,4,0,0,0,0,0.269,0.296,0.269,0.566,*1
134,Brandon Duckworth\duckwbr01,0.2,11,2001,25,PHI,NL,26,22,1,5,1,0,0,1,2,0,4,0,2,0,1,0,0,0.227,0.292,0.273,0.564,*1
135,Nelson Figueroa\figuene01,0.2,18,2001,27,PHI,NL,26,24,4,6,1,0,0,1,1,0,11,0,1,0,0,0,0,0.25,0.28,0.292,0.572,*1
136,Paul Rigdon\rigdopa01,0.2,13,2000,24,TOT,ML,25,16,3,3,0,0,1,1,2,0,6,0,7,0,1,0,0,0.188,0.278,0.375,0.653,*1
137,Guillermo Mota\motagu01,0.2,47,1999,25,MON,NL,1,1,1,1,0,0,1,3,0,0,0,0,0,0,0,0,0,1,1,4,5,*1
138,Joe Nathan\nathajo01,0.2,19,1999,24,SFG,NL,35,28,1,5,1,0,0,1,2,0,6,0,5,0,0,0,0,0.179,0.233,0.214,0.448,*1
139,Kirt Ojala\ojalaki01,0.2,39,1998,29,FLA,NL,31,26,2,4,1,0,0,3,3,0,10,0,2,0,1,0,0,0.154,0.241,0.192,0.434,*1
140,Bronswell Patrick\patribr01,0.2,30,1998,27,MIL,NL,18,15,1,3,0,0,1,1,2,0,3,0,1,0,0,0,0,0.2,0.294,0.4,0.694,*1
141,Rob Stanifer\staniro01,0.2,35,1997,25,FLA,NL,4,3,1,2,1,0,0,1,0,0,0,1,0,0,0,0,0,0.667,0.75,1,1.75,*1
142,Cory Bailey\baileco01,0.2,51,1996,25,STL,NL,4,1,2,0,0,0,0,0,2,0,0,0,1,0,0,0,0,0,0.667,0,0.667,*1
143,Steve Bourgeois\bourgst01,0.2,15,1996,23,SFG,NL,14,11,1,3,2,0,0,1,2,0,2,0,1,0,0,0,0,0.273,0.385,0.455,0.839,*1
144,Mark Hutton\huttoma01,0.2,13,1996,26,TOT,ML,20,19,2,6,0,0,1,1,0,0,6,0,1,0,1,0,0,0.316,0.316,0.474,0.789,*1
145,Tyler Green\greenty01,0.2,27,1995,25,PHI,NL,52,44,2,8,5,0,1,5,0,0,16,0,8,0,0,0,1,0.182,0.182,0.364,0.545,*1/H
146,Steve Parris\parrist01,0.2,15,1995,27,PIT,NL,29,28,2,7,2,0,0,4,0,0,10,0,1,0,0,0,0,0.25,0.25,0.321,0.571,*1
147,Bobby Munoz\munozbo01,0.2,21,1994,26,PHI,NL,37,34,3,7,0,0,1,6,1,0,11,0,2,0,0,0,0,0.206,0.229,0.294,0.523,*1
148,Larry Luebbers\luebbla01,0.2,14,1993,23,CIN,NL,26,24,1,6,1,0,0,0,0,0,8,1,1,0,0,0,0,0.25,0.28,0.292,0.572,*1
149,Lance Painter\paintla01,0.2,10,1993,25,COL,NL,14,10,2,3,0,1,0,1,1,0,5,0,3,0,0,0,0,0.3,0.364,0.5,0.864,*1
150,Tim Pugh\pughti01,0.2,31,1993,26,CIN,NL,62,54,2,12,1,0,0,1,0,0,20,1,7,0,0,0,0,0.222,0.236,0.241,0.477,*1
151,Kent Bottenfield\botteke01,0.2,10,1992,23,MON,NL,9,8,1,3,0,0,0,0,0,0,3,0,1,0,0,0,0,0.375,0.375,0.375,0.75,*1
152,Cliff Brantley\brantcl01,0.2,28,1992,24,PHI,NL,22,14,1,3,0,1,0,1,1,0,4,0,7,0,0,0,0,0.214,0.267,0.357,0.624,*1
153,Butch Henry\henrybu01,0.2,28,1992,23,HOU,NL,60,54,3,8,0,0,1,7,1,0,10,0,5,0,1,0,0,0.148,0.164,0.204,0.367,*1
154,Mike Stanton (RoY-8th)\stantmi02,0.2,74,1991,24,ATL,NL,7,6,0,3,1,0,0,1,1,0,1,0,0,0,0,0,0,0.5,0.571,0.667,1.238,*1
155,Shawn Boskie\boskish01,0.2,15,1990,23,CHC,NL,38,36,1,8,3,0,0,3,0,0,8,0,2,0,0,0,0,0.222,0.222,0.306,0.528,*1
156,Andy Benes (RoY-5th)\benesan01,0.2,10,1989,21,SDP,NL,25,24,2,6,0,0,1,2,0,0,12,0,1,0,1,0,0,0.25,0.25,0.375,0.625,*1
157,Trevor Wilson\wilsotr01,0.2,14,1989,23,SFG,NL,10,8,1,2,0,0,0,1,1,0,0,1,0,0,0,1,0,0.25,0.4,0.25,0.65,*1/H
158,Jose Alvarez\alvarjo01,0.2,61,1988,32,ATL,NL,10,8,0,3,0,0,0,0,1,0,0,0,1,0,0,0,0,0.375,0.444,0.375,0.819,*1/H
159,Kevin Coffman\coffmke01,0.2,19,1988,23,ATL,NL,24,22,2,5,3,0,0,4,0,0,6,1,1,0,0,0,0,0.227,0.261,0.364,0.625,*1/H
160,Joe Magrane (RoY-3rd)\magrajo01,0.2,28,1987,22,STL,NL,62,52,5,7,2,0,1,3,4,0,22,0,6,0,1,0,0,0.135,0.196,0.231,0.427,*1/H
161,Lance McCullers\mcculla01,0.2,76,1986,22,SDP,NL,28,22,4,2,2,0,0,3,3,0,11,0,3,0,0,1,0,0.091,0.2,0.182,0.382,*1/H
162,Dennis Powell\powelde01,0.2,27,1986,22,LAD,NL,14,14,1,3,3,0,0,0,0,0,6,0,0,0,0,0,0,0.214,0.214,0.429,0.643,*1
163,Randy St. Claire\st.clra01,0.2,42,1985,24,MON,NL,8,5,1,1,0,0,0,0,2,0,3,0,1,0,0,0,0,0.2,0.429,0.2,0.629,*1
164,Steve Engel\engelst01,0.2,11,1985,23,CHC,NL,19,16,1,3,0,0,1,4,3,0,7,0,0,0,0,0,0,0.188,0.316,0.375,0.691,*1
165,Rick Behenna\behenri01,0.2,14,1983,23,TOT,ML,12,12,1,4,0,0,1,2,0,0,5,0,0,0,0,0,0,0.333,0.333,0.583,0.917,*1
166,Tim Lollar\lollati01,0.2,24,1981,25,SDP,NL,20,18,2,3,0,0,1,1,2,0,5,0,0,0,0,0,0,0.167,0.25,0.333,0.583,*1
167,Ed Lynch\lynched01,0.2,17,1981,25,NYM,NL,28,21,0,3,1,0,0,1,4,0,10,0,2,1,0,0,0,0.143,0.269,0.19,0.46,*1
168,John Martin\martijo05,0.2,18,1981,25,STL,NL,42,33,2,7,2,1,0,8,2,0,14,0,7,0,0,0,0,0.212,0.257,0.333,0.59,*1/H
169,Dave Stewart\stewada01,0.2,32,1981,24,LAD,NL,6,5,2,2,0,1,0,1,1,0,0,0,0,0,0,0,0,0.4,0.5,0.8,1.3,*1
170,Charlie Leibrandt\leibrch01,0.2,36,1980,23,CIN,NL,64,56,2,11,0,1,0,4,3,0,14,0,4,1,0,0,0,0.196,0.233,0.232,0.465,*1
171,Bob Knepper\kneppbo01,0.2,27,1977,23,SFG,NL,65,55,4,10,1,0,0,4,5,0,18,0,5,0,1,0,0,0.182,0.25,0.2,0.45,*1
172,Donnie Moore\mooredo01,0.2,27,1977,23,CHC,NL,11,10,0,3,0,1,0,1,1,0,5,0,0,0,0,0,0,0.3,0.364,0.5,0.864,*1
173,Gil Rondon\rondogi01,0.2,19,1976,22,HOU,NL,16,14,1,4,0,0,0,1,0,0,4,0,2,0,1,0,0,0.286,0.286,0.286,0.571,*1
174,Joe Sambito\sambijo01,0.2,20,1976,24,HOU,NL,12,9,1,2,0,0,0,1,3,0,2,0,0,0,0,0,0,0.222,0.417,0.222,0.639,*1
175,Jose Sosa\sosajo01,0.2,26,1975,22,HOU,NL,9,9,2,3,1,0,1,3,0,0,3,0,0,0,0,0,0,0.333,0.333,0.778,1.111,*1/H
176,Hank Webb\webbha01,0.2,31,1975,25,NYM,NL,33,31,5,8,0,0,0,3,2,0,7,0,0,0,0,0,0,0.258,0.303,0.258,0.561,*1/H
177,Rick Baldwin\baldwri01,0.2,54,1975,22,NYM,NL,17,15,1,3,0,0,0,0,0,0,5,0,2,0,0,0,0,0.2,0.2,0.2,0.4,*1
178,John Denny\dennyjo01,0.2,26,1975,22,STL,NL,50,44,4,10,0,0,0,3,0,0,17,0,6,0,0,0,0,0.227,0.227,0.227,0.455,*1/H
179,Tom Dettore\dettoto01,0.2,16,1974,26,CHC,NL,24,20,1,5,1,0,0,5,3,0,4,0,1,0,1,0,0,0.25,0.348,0.3,0.648,*1
180,Bob Forsch\forscbo01,0.2,20,1974,24,STL,NL,37,29,1,7,1,0,0,1,2,0,11,0,6,0,0,1,0,0.241,0.29,0.276,0.566,*1/H
181,Ken Frailing\frailke01,0.2,58,1974,26,CHC,NL,36,31,4,8,0,0,0,6,1,0,10,0,4,0,0,0,0,0.258,0.281,0.258,0.539,*1/H
182,Dave Freisleben\freisda01,0.2,33,1974,22,SDP,NL,80,64,4,11,2,1,0,3,7,0,20,0,9,0,2,0,0,0.172,0.254,0.234,0.488,*1
183,Ed Halicki\haliced01,0.2,16,1974,23,SFG,NL,27,25,3,6,1,0,1,2,0,0,10,0,2,0,0,0,0,0.24,0.24,0.4,0.64,*1
184,Jim Barr\barrji01,0.2,44,1972,24,SFG,NL,53,49,4,9,3,0,0,2,0,0,10,0,4,0,0,0,0,0.184,0.184,0.245,0.429,*1
185,Dave Hamilton\hamilda01,0.2,25,1972,24,OAK,AL,33,26,2,4,1,0,0,0,5,0,12,1,1,0,1,0,0,0.154,0.313,0.192,0.505,*1
186,Roric Harrison\harriro01,0.2,39,1972,25,BAL,AL,19,17,2,2,1,0,1,1,1,0,9,0,1,0,0,0,0,0.118,0.167,0.353,0.52,*1
187,Lynn McGlothen\mcgloly01,0.2,22,1972,22,BOS,AL,58,53,6,10,3,0,0,4,1,0,14,0,3,1,1,0,0,0.189,0.2,0.245,0.445,*1
188,Jim Panther\panthji01,0.2,58,1972,27,TEX,AL,12,8,2,1,0,0,0,0,1,0,4,0,3,0,0,0,0,0.125,0.222,0.125,0.347,*1
189,Chuck Seelbach\seelbch01,0.2,61,1972,24,DET,AL,26,21,1,3,2,0,0,0,4,0,11,0,1,0,0,0,0,0.143,0.28,0.238,0.518,*1
190,Ken Reynolds\reynoke01,0.2,36,1971,24,PHI,NL,55,50,4,10,0,1,0,2,3,0,16,1,1,0,1,0,0,0.2,0.259,0.24,0.499,*1/H
191,Jim York\yorkji01,0.2,53,1971,23,KCR,AL,18,17,1,2,1,0,1,3,1,0,7,0,0,0,0,0,0,0.118,0.167,0.353,0.52,*1
192,Lloyd Allen\allenll01,0.2,54,1971,21,CAL,AL,17,17,2,5,0,0,1,1,0,0,5,0,0,0,1,0,0,0.294,0.294,0.471,0.765,*1
193,Ray Corbin\corbira01,0.2,52,1971,22,MIN,AL,40,34,3,7,0,0,0,2,2,0,17,0,4,0,0,0,0,0.206,0.25,0.206,0.456,*1
194,Terry Forster\forstte01,0.2,45,1971,19,CHW,AL,5,5,1,2,1,0,0,0,0,0,1,0,0,0,0,0,0,0.4,0.4,0.6,1,*1
195,Ron Cook\cookro02,0.2,43,1970,22,HOU,NL,19,17,2,4,0,2,0,1,1,0,11,0,1,0,0,0,0,0.235,0.278,0.471,0.748,*1/H
196,Steve Kline\klinest01,0.2,16,1970,22,NYY,AL,37,28,3,5,0,0,0,2,4,0,10,1,4,0,0,0,0,0.179,0.303,0.179,0.482,*1
197,Carl Morton (RoY-1st)\mortoca01,0.2,43,1970,26,MON,NL,112,93,6,15,2,0,2,7,6,0,29,0,11,2,0,0,0,0.161,0.208,0.247,0.455,*1
198,Bill Champion\champbi01,0.2,23,1969,21,PHI,NL,39,35,4,6,1,0,0,2,1,0,12,0,3,0,0,0,0,0.171,0.194,0.2,0.394,*1
199,Jerry Crider\crideje01,0.2,21,1969,27,MIN,AL,9,9,3,4,2,0,0,0,0,0,2,0,0,0,0,0,0,0.444,0.444,0.667,1.111,*1
200,Tom Griffin\griffto02,0.2,31,1969,21,HOU,NL,73,62,6,9,1,0,2,8,5,0,35,0,4,2,1,0,0,0.145,0.203,0.258,0.461,*1